,House Name,House Price,Posted Date,About House,Map Address
0,"LLAMA HOY ! $1,000 DE DESCUENTO!","$1,700",2022-08-06 10:39,/ 2br - 1069ft2 -,9501 W Sahara Ave
1,"Office space, Virtual, Day offices available",$500,2022-08-08 12:47,,
2,"$1,410 / 2br - $1,410 / 2br - 890ft2 - ***Two Bedroom One Bath Availab","$1,410",2022-07-16 09:16,/ 2br - 860ft2 -,901 Brush St near Charleston and Decatur
3,"Curved Shower Rods, Wifi Lounge, Gated Access","$1,535",2022-07-31 16:49,/ 2br - 1038ft2 -,9620 West Russell Road
4,"$1,410 / 2br - 890ft2 - $1,410 /2br -  West Edge Apartments","$1,410",2022-08-06 10:34,/ 2br - 890ft2 -,901 Brush St near Charleston and Decatur
5,"$1,400 / 2br -860 Love where you live at West Edge!!","$1,400",2022-08-06 10:40,/ 2br - 860ft2 -,901 Brush St near Charleston and Decatur
6,$650 Spring Valley,$650,2022-08-06 02:58,,
7,Welcome Home! Come and See our Beautiful Community!! CALL US NOW!!,"$1,280",2022-08-06 12:09,/ 2br - 1010ft2 -,939 E Flamingo Rd
8,"2B/2B, Oversized closets, Onsite playground","$1,529",2022-08-08 12:43,/ 2br - 973ft2 -,501 E Lake Mead Pkwy
9,"Unfurnished apartments, Sparkling swimming pool, Easy freeway access",$301,2022-07-13 10:50,,100 South Martin Luther King Boulevard
10,"$1,410 / 2br - 890ft2 - $1,410 / 2br - $1,410 / 2br - 890ft2 - Ready f","$1,410",2022-08-06 10:43,/ 2br - 890ft2 -,901 Brush St near Charleston and Decatur
11,"$1,500 / 2br - 960ft2 - $1,160 / 1br - DEJE DE BUSCAR APLIQUE HOY WEST","$1,160",2022-08-06 11:10,/ 2br - 960ft2 -,901 Brush St near Charleston and Decatur
12,large 2 bed 2 bath Last one!,"$1,614",2022-08-08 12:42,/ 2br - 1104ft2 -,5060 W Hacienda Ave near Decatur
13,una habitaci√≥n un ba√±o disponible AHORA!,"$1,150",2022-07-28 13:08,/ 1br - 680ft2 -,901 Brush Street near Charleston and Decatur
14,"View, Playground, Fitness Center",$920,2022-08-08 12:41,/ 1br - 681ft2 -,3665 S. Needles Hwy
15,Furnished Room for Rent $160 Weekly....,,2022-08-08 11:45,,
16,"Solid Surface Countertops, Covered Parking, Vertical Blinds","$1,900",2022-08-08 12:41,/ 2br - 1123ft2 -,7017 South Buffalo Drive near West Badura Avenue
17,GORGEOUS 2BDRM 2BATH IN A BEAUTIFUL LOCATION NEAR DOWNTOWN SUMMERLIN!,"$2,050",2022-07-16 12:06,/ 2br - 1106ft2 -,W Sahara Ave near S Pavilion Center Dr
18,GORGEOUS 2BDRM 2BATH IN A BEAUTIFUL LOCATION NEAR DOWNTOWN SUMMERLIN!,"$2,050",2022-07-16 12:18,/ 2br - 1106ft2 -,W Sahara Ave near S Pavilion Center Dr
19,Live life at Willowbrook,"$2,075",2022-07-15 12:07,/ 2br - 1106ft2 -,
20,NO RESTRICCIONES !üê∂üê± NO LIMITE DE PESO!,"$1,800",2022-08-06 10:25,/ 2br - 1134ft2 -,9501 W Sahara Ave
21,MOST BEAUTIFUL LOCATION TO LIVE IN! MOVE-IN SPECIALS OFFERED!,"$2,075",2022-07-16 12:54,/ 2br - 1106ft2 -,W Sahara Ave near S Pavilion Center Dr
22,NO RESTRICCIONES !üê∂üê± NO LIMITE DE PESO!,"$1,700",2022-08-06 11:06,/ 2br - 1069ft2 -,9501 W Sahara Ave
23,Move in to Luxury Living Today,"$2,075",2022-07-14 12:15,/ 2br - 1106ft2 -,
24,"Playground, Rentable Storage Units, Pool view","$1,416",2022-07-20 15:03,/ 1br - 783ft2 -,1050 Whitney Ranch Drive
25,"Fully Furnished, Handicap Accessible, Close to The Strip, Pool",$371,2022-07-09 13:33,,220 Convention Center Drive
26,Looking to buy in Summerlin,,2022-07-24 13:33,,
27,REALTOR for:,,2022-07-23 09:41,,
28,"Lighted Ceiling Fans, Dog Park, Garages Available","$1,915",2022-07-14 09:12,/ 2br - 1121ft2 -,325 North Gibson Road
29,"1bd 1ba, Gas log fireplace, in Henderson NV","$1,306",2022-08-08 12:35,/ 1br - 847ft2 -,6765 Tulip Falls Dr
30,Vida Las Vegas Apartment Homes,"$1,474",2022-08-04 15:51,/ 1br - 621ft2 -,5060 w Hacienda near Hacienda and Decatur
31,Reduced Rental Rates Call Today! 1st Floor/Vinyl Flooring,"$1,560",2022-08-08 12:34,/ 1br - 780ft2 -,3825 Craig Crossing Drive near Craig
32,"ESPECIAL ! $1,000.00 DE DESCUANTO !","$1,700",2022-08-06 10:34,/ 2br - 1069ft2 -,9501 W Sahara Ave
33,"2 bedroom, Exterior storage available, Situated in Henderson!","$1,540",2022-08-06 11:57,/ 2br - 946ft2 -,2001 Ramrod Ave
34,Henderson Rooms for Rent,$650,2022-08-04 18:25,/ 4br -,
35,Welcome to Budget Suites of America,$359,2022-07-22 11:53,/ 1br - 480ft2 -,8440 S. Las Vegas Blvd near Wigwam/Windmill
36,"Beauty, Passion, Breathtaking Apartments!!","$1,830",2022-07-17 09:35,/ 1br - 779ft2 -,7350 W Centennial Pkwy
37,Ready to Move in Cozy 1 Bedroom 1 Full Bath Duplex Apartment!!,$800,2022-08-08 12:13,/ 1br -,
38,Pet Friendly Weekly Rental!,$443,2022-08-08 12:28,/ 1br -,3825 S Cambridge St. near Twain
39,"Penthouse Condo at Allure 1BR 1BA Pool, Gym, Club, Parking","$2,100",2022-08-04 12:53,/ 1br - 867ft2 -,
40,"Hard Surface Flooring With 4.5 Inch Base Boards, Night Patrol, Carpet","$1,455",2022-07-30 12:35,/ 2br - 850ft2 -,4255 W Viking Rd
41,"High Speed Internet Access, Ceiling Fans, Energy Efficient Thermostat","$1,593",2022-08-08 12:26,/ 2br - 850ft2 -,3625 S. Decatur Blvd.
42,1 BEDROOM APARTMENTS - NAPOLI,"$1,395",2022-08-08 12:26,/ 1br - 725ft2 -,4700 west rochelle ave
43,Waive $300 Admin fee move in w/in 7 days,"$1,485",2022-08-02 11:27,/ 1br - 814ft2 -,6500 Vegas Drive
44,"Fully Equipped Kitchenette, Free Parking, Fully Furnished",$381,2022-07-17 13:13,/ 1br -,2530 East Flamingo Road
45,*** Room Available for Male Roommate ***,$600,2022-08-08 12:25,/ 1br -,
46,"Marbled Tile Bath Enclosures, Locker Rooms, Air Conditioning","$1,425",2022-08-06 11:13,/ 2br - 1100ft2 -,3550 Paradise Road
47,4 Bedroom & 2 Home,"$1,950",2022-08-08 12:05,/ 4br - 1633ft2 -,Autzen Stadium Way near Pecos
48,"Marbled Tile Bath Enclosures, Elevators, 24 Hour Emergency Maintenance","$1,245",2022-08-04 11:19,/ 1br - 704ft2 -,3550 Paradise Road
49,"Pet Friendly, Vaulted Ceilings, Spacious Walk-In Closets","$1,392",2022-08-06 11:32,/ 1br - 745ft2 -,8301 W Flamingo Rd
50,Investment Property in Las Vegas,"$98,000",2022-07-18 10:08,/ 3br -,
51,"newly renovated, mountain views, EV charging stations","$1,850",2022-08-06 09:27,/ 2br - 1149ft2 -,9350 S. Cimarron Road
52,Available Now! 1 Bedroom Apartments at Park At Spring Valley,"$1,111",2022-08-08 12:23,/ 1br - 665ft2 -,
53,1BED/1BATH APARTMENTS AVAILABLE FOR IMMEDIATE MOVE IN!!!,"$1,100",2022-08-08 11:24,/ 1br - 680ft2 -,
54,"Professional onsite management, Clubhouse, Wood-style flooring","$1,022",2022-08-08 12:21,/ 2br - 1080ft2 -,4485 Pennwood Ave near Sahara and Arville
55,It's a Beautiful Day @ Budget Suites,$359,2022-07-31 08:45,/ 1br - 500ft2 -,8440 S. Las Vegas Blvd near Wigwam/Windmill
56,It's a Beautiful Day @ Budget Suites,$359,2022-07-16 08:23,/ 1br - 480ft2 -,8440 S. Las Vegas Blvd near Wigwam/Windmill
57,1BED/1BATH APARTMENTS AVAILABLE FOR IMMEDIATE MOVE IN!!!,"$1,100",2022-08-08 11:24,/ 1br - 680ft2 -,
58,"3 BED , LUXURY APARTMENTS","$1,500",2022-07-25 10:48,/ 3br -,1061 e desert inn rd near Lv N V  89109
59,"** 1 MONTH MOVE IN ** 2 BD 1,398 BASE RATE + TAXES AND FEES!!!","$1,698",2022-08-08 10:43,/ 2br - 450ft2 -,"4555 LAS VEGAS BLVD, N near CRAIG"
60,Welcome to Budget Suites of America,$359,2022-07-22 11:07,/ 1br - 500ft2 -,8440 S. Las Vegas near Wigwam/Windmill
61,RV Boat Vehicle Trailer Indoor Storage Available (Sahara and Sandhill),,2022-08-08 12:19,,
62,"On Las Vegas RTC bus line, Sparkling swimming pool, Bad Credit Ok",$283,2022-07-22 12:29,,401 East Charleston Boulevard
63,2 Beds X 2 Baths | Sparkling Pool | On-site Management,"$1,480",2022-08-08 12:17,/ 2br - 860ft2 -,
64,Move-in by August 31st and receive $500 off! View our renovated units!,"$1,360",2022-08-06 12:05,/ 2br - 900ft2 -,4020 S Arville St
65,*****ONE STORY W/ DUAL MASTER*****NEAR ANN AND DECATUR,"$2,275",2022-08-08 11:57,/ 3br - 1820ft2 -,
66,"Professional Management, Non-Smoking, $500 off until Aug 15th!",$975,2022-07-24 15:20,/ 375ft2 -,370 E Harmon Ave
67,"Luxer Lockers, E-Lounge, On-Site Recycling","$1,553",2022-08-08 12:16,/ 1br - 644ft2 -,1005 Wigwam Pkwy
68,fixer upper mobile home finance available,"$11,000",2022-08-04 12:47,/ 1br -,
69,Apartments Ready for Immediate Move In,$875,2022-08-08 12:15,/ 375ft2 -,370 E Harmon Ave
70,"** 1 MONTH MOVE IN ** 1 BD 1,229 BASE RATE + TAXES AND FEES!!!","$1,508",2022-08-08 10:42,/ 1br - 350ft2 -,"4555 LAS VEGAS BLVD, N near CRAIG"
71,No Qual Summit,"$16,789,999",2022-08-08 12:14,/ 5br - 7500ft2 -,
72,No Qual Summit,"$16,789,999",2022-08-08 12:13,/ 5br - 7500ft2 -,
73,"Full kitchen in apartment, Siegel Rewards Program, Free premium cable",$454,2022-08-04 09:24,,5230 East Craig Road
74,The SUMMIT.. no qual,"$16,999,999",2022-08-08 12:13,/ 7500ft2 -,
75,"3/bd, Barbecue pavilion and picnic area, Oversized closets","$1,766",2022-08-06 11:30,/ 3br - 1197ft2 -,501 E Lake Mead Pkwy
76,No Qual homes,,2022-08-08 12:12,,
77,1 Bedroom Immediate Move In,"$1,395",2022-08-03 11:25,/ 1br - 821ft2 -,125 E. Regena Ave 116 near Centennial and North 5th
78,"Two Sparkling Swimming Pools, View, Ceiling Fans, Clubhouse","$1,501",2022-08-08 12:12,/ 1br - 726ft2 -,6901 E. Lake Mead Blvd
79,"NO QUAL, GREEN VALLEY",,2022-08-08 12:12,,
80,"Spa, Gated Access, Fully Equipped Kitchen, Dog Park","$1,412",2022-08-08 12:11,/ 1br - 700ft2 -,3295 Casey Drive
81,"Fitness Center, Pool, Business Center","$1,835",2022-07-22 09:06,/ 3br - 1168ft2 -,3150 S. Decatur Blvd.
82,Classic & Renovated Apartments Ready for Immediate Move In,$975,2022-08-08 12:11,/ 1br - 450ft2 -,370 E Harmon Ave
83,2X2 | Full Size Kitchen | 24 HR Gym | On-site Maintenance,"$1,480",2022-08-08 12:10,/ 2br - 860ft2 -,
84,"Easy freeway access, Sparkling swimming pool, Unfurnished apartments",$343,2022-07-18 09:04,/ 1br -,455 East Twain Avenue
85,Great 1 bed unit with full size W/D stop by today for a tour,"$1,398",2022-07-20 13:12,/ 1br - 621ft2 -,
86,Budget Suites - Come Stay Awhile,$359,2022-07-27 16:03,/ 1br - 500ft2 -,8440 S. Las Vegas Blvd near Wigwam/Windmill
87,2X2 Units | Move into your new Home | TOUR TODAY |,"$1,480",2022-08-08 12:08,/ 2br - 860ft2 -,
88,Fully renovated 2 bed 2 bath last one !,"$1,488",2022-08-08 12:08,/ 2br - 897ft2 -,5060 W Hacienda Ave near Decatur
89,Lovely 3 Bedroom Apartment‚Ä¶ Waiting for You to Make it Home!,"$1,400",2022-08-04 11:56,/ 3br - 1050ft2 -,2855 S. Sandhill Rd. near Vegas Valley & Boulder
90,"Coffee Cafe Serving Starbucks Coffee, Modern Lighting, Dishwasher","$2,230",2022-07-31 10:09,/ 3br - 1390ft2 -,1005 Wigwam Pkwy
91,"STOP, LOOK & RESERVE 2x2","$1,599",2022-07-21 15:37,/ 2br - 1060ft2 -,
92,EASY ACCESS TO THE FREEWAY,$353,2022-07-31 14:09,/ 1br -,2500 Teddy Drive
93,Beautiful 2nd floor 2x2 with stainless steel appliances,"$1,760",2022-08-08 12:07,/ 2br -,9850 Bermuda Rd near Silverado Ranch
94,Lovely 3 Bedroom Apartment‚Ä¶ Waiting for You to Make it Home!,"$1,400",2022-08-04 12:00,/ 3br - 1050ft2 -,2855 S. Sandhill Rd. near Vegas Valley & Boulder
95,Lovely 3 Bedroom Apartment‚Ä¶ Waiting for You to Make it Home!,"$1,390",2022-08-04 12:01,/ 3br - 1050ft2 -,2855 S. Sandhill Rd. near Vegas Valley & Boulder
96,"Easy freeway access, Laundry facilities, Basketball hoops",$325,2022-08-08 12:06,/ 1br -,3625 Boulder Highway
97,** 1 WEEK MOVE IN ** 2 BD 349 BASE RATE + TAXES AND FEES!!!,$513,2022-08-08 10:42,/ 2br - 450ft2 -,"4555 LAS VEGAS BLVD, N near CRAIG"
98,Villas East: 1 Bedrooms 1 Bathrooms Available NOW!!!,"$1,175",2022-08-08 12:06,/ 1br - 680ft2 -,East Charleston near Nellis
99,2X2 | Full Size Kitchen | 24 HR Gym |,"$1,480",2022-08-08 12:05,/ 2br - 860ft2 -,
100,"Spectra Paradise, Where The Strip Is YOUR Backyard!!!",$925,2022-07-18 16:36,/ 325ft2 -,4350 S Paradise Rd
101,"Individual climate control, Panoramic Las Vegas Strip Views, Dog park","$1,140",2022-08-08 11:41,/ 1br - 560ft2 -,3875 Cambridge St
102,"Awesome ""Cat"" pool in private courtyard","$2,950",2022-08-08 12:02,/ 3br - 2190ft2 -,
103,"Refrigerator, Monitoring Cameras, Hammock Garden","$1,669",2022-07-25 15:17,/ 1br - 898ft2 -,4450 S Hualapai Way
104,Master bedroom with upgraded bathroom. Includes utilities,$500,2022-08-08 11:29,,
105,"Siegel Rewards Program, Flat Screen TVs, Free High Speed Wi-Fi",$473,2022-07-10 12:23,/ 1br -,7260 South Las Vegas Boulevard
106,"On-Site Maintenance, Townhomes, On-Site Management, Attached Garages","$3,080",2022-08-08 12:04,/ 3br - 1624ft2 -,10132 Serenity Star Way
107,2X2 | 24 HR Gym | Fitness on Demand | HOT |,"$1,480",2022-08-08 12:03,/ 2br - 860ft2 -,
108,Villas East: 1 Bedroom 1 Bathroom Available NOW!!!,"$1,175",2022-08-08 12:03,/ 1br - 680ft2 -,East Charleston near Nellis
109,"Clubhouse, Breakfast Bar, Fireplace","$1,500",2022-07-29 09:36,/ 2br - 1070ft2 -,5225 E. Charleston Blvd
110,Your Future Home Awaits YOU! Schedule a Tour! CALL US TODAY !!,"$1,275",2022-08-08 12:02,/ 2br - 1010ft2 -,939 E Flamingo Rd
111,Convenient area with great amenities!,"$1,019",2022-07-21 07:54,/ 2br - 721ft2 -,
112,"On-Site Laundromat, Large studio apartments, Free utilities included",$432,2022-08-04 10:02,/ 390ft2 -,5011 East Craig Road
113,Move-in By Aug 31st for $500 Off ! Come Visit Our Renovated Units!,"$1,340",2022-08-08 12:02,/ 2br - 900ft2 -,4020 S Arville St
114,PRICE REDUCTION - Contact Me Today To Get More Details,,2022-08-08 11:50,3br - 1846ft2 -,
115,"Limited access gated community, Coat closets, Walk-in closets","$1,455",2022-08-08 11:43,/ 1br - 840ft2 -,3875 Cambridge St
116,1BED/1BATH APARTMENTS AVAILABLE FOR IMMEDIATE MOVE IN!!!,"$1,100",2022-08-08 11:25,/ 1br - 680ft2 -,
117,Unfurnished bedroom,$650,2022-07-21 16:51,,Washington near Tenaya
118,1BED/1BATH APARTMENTS AVAILABLE FOR IMMEDIATE MOVE IN!!!,"$1,100",2022-08-08 11:25,/ 1br - 680ft2 -,
119,You're going to love it here,"$1,019",2022-07-23 09:58,/ 2br - 721ft2 -,
120,"Siegel Rewards Program, Flat Screen TVs, Free High Speed Wi-Fi",$473,2022-07-10 12:23,/ 1br -,7260 South Las Vegas Boulevard
121,"On-Site Maintenance, Townhomes, On-Site Management, Attached Garages","$3,080",2022-08-08 12:04,/ 3br - 1624ft2 -,10132 Serenity Star Way
122,2X2 | 24 HR Gym | Fitness on Demand | HOT |,"$1,480",2022-08-08 12:03,/ 2br - 860ft2 -,
123,Villas East: 1 Bedroom 1 Bathroom Available NOW!!!,"$1,175",2022-08-08 12:03,/ 1br - 680ft2 -,East Charleston near Nellis
124,"Clubhouse, Breakfast Bar, Fireplace","$1,500",2022-07-29 09:36,/ 2br - 1070ft2 -,5225 E. Charleston Blvd
125,Your Future Home Awaits YOU! Schedule a Tour! CALL US TODAY !!,"$1,275",2022-08-08 12:02,/ 2br - 1010ft2 -,939 E Flamingo Rd
126,Convenient area with great amenities!,"$1,019",2022-07-21 07:54,/ 2br - 721ft2 -,
127,"On-Site Laundromat, Large studio apartments, Free utilities included",$432,2022-08-04 10:02,/ 390ft2 -,5011 East Craig Road
128,Move-in By Aug 31st for $500 Off ! Come Visit Our Renovated Units!,"$1,340",2022-08-08 12:02,/ 2br - 900ft2 -,4020 S Arville St
129,PRICE REDUCTION - Contact Me Today To Get More Details,,2022-08-08 11:50,3br - 1846ft2 -,
130,"Limited access gated community, Coat closets, Walk-in closets","$1,455",2022-08-08 11:43,/ 1br - 840ft2 -,3875 Cambridge St
131,1BED/1BATH APARTMENTS AVAILABLE FOR IMMEDIATE MOVE IN!!!,"$1,100",2022-08-08 11:25,/ 1br - 680ft2 -,
132,Unfurnished bedroom,$650,2022-07-21 16:51,,Washington near Tenaya
133,1BED/1BATH APARTMENTS AVAILABLE FOR IMMEDIATE MOVE IN!!!,"$1,100",2022-08-08 11:25,/ 1br - 680ft2 -,
134,You're going to love it here,"$1,019",2022-07-23 09:58,/ 2br - 721ft2 -,
135,"Views, Professional onsite management, Breakfast bars available","$1,649",2022-07-15 12:03,/ 2br - 1112ft2 -,675 E Azure Ave
136,Brand New Renovated Units! Two/Two Starting at $1640!,"$1,640",2022-07-13 09:22,/ 2br - 845ft2 -,60 N. Pecos Rd
137,Feel the Pulse of the City Just Outside Your Door!,"$1,050",2022-08-08 11:57,/ 285ft2 -,501 S. 10th St. OFC near Clark Ave & 10th Street
138,Nice And Clean House For Rent,"$1,200",2022-08-08 11:57,/ 3br - 2179ft2 -,
139,"GORGEOUS POOL HOME!  TENANTS IN PLACE PAYING $1,900 A MONTH! INVESTORS","$435,500",2022-08-08 11:57,/ 4br -,
140,NICE 1 STORY ON .85 ACRE LOT!!  HARD TO FIND THIS SIZE OF A LOT!!!!!!!,"$569,900",2022-08-08 11:57,/ 6br - 2002ft2 -,
141,"CES - Jan 5th - 8th, 2023 - 2br/2ba Sleeps 6. Near Strip",,2022-08-08 11:56,2br -,
142,GORGEOUS HOME!   SOLAR PANELS ARE PAID OFF ON A .24 ACRE LOT!!!!!!!!!!,"$799,000",2022-08-08 11:56,/ 4br - 2632ft2 -,
143,"Polished granite kitchen countertops, Gas log fireplace, Built-in desk","$1,562",2022-08-04 11:17,/ 2br - 1122ft2 -,6765 Tulip Falls Dr
144,"Elevator accessible to each floor, Pantry closets, Covered Parking","$1,515",2022-08-08 11:46,/ 2br - 1128ft2 -,3875 Cambridge St
145,"OPEN FLOOR PLAN, LIMITED ACCESS GATED COMMUNITY, BARK PARK","$1,445",2022-08-08 11:45,/ 2br - 1128ft2 -,3875 Cambridge St
146,"2B/2B, Ceiling fans in dining room, Controlled-entry access","$1,535",2022-08-08 11:55,/ 2br - 946ft2 -,2001 Ramrod Ave
147,"Move in Special!!!! 1/2 off 1st months rent, Make Hesperian Your Home!","$1,075",2022-08-08 11:55,/ 1br - 680ft2 -,
148,"TV Lounge, Water Saving Faucets, Allergen Free Wood-Style Flooring","$1,374",2022-08-08 11:54,/ 1br - 705ft2 -,6575 West Tropicana Avenue
149,Sunrise Palms is everything you want in a community,"$1,019",2022-07-22 08:01,/ 2br - 721ft2 -,
150,"Quartz Countertops, On-Site Recycling, Fire Sprinkler System","$1,654",2022-08-06 11:17,/ 1br - 836ft2 -,6355 S. Durango Dr
151,"Gated, Fully Equipped Kitchen, Pet Friendly, Swimming Pool","$1,375",2022-08-08 11:53,/ 1br - 689ft2 -,3135 s Mojave
152,Spring Creek NV Land For Sale 1.13 AC,"$4,995",2022-08-03 07:18,,
153,2 Bedroom apartment home - 24 hour Secured Mail Room and Mail Lockers,"$1,953",2022-08-08 11:51,/ 2br - 977ft2 -,
154,Villas at Viking Road Senior Apt.,"$1,650",2022-08-08 11:51,/ 1br - 939ft2 -,3513 E. Viking Road near Flamingo & Pecose
155,"Business Center, Window Coverings, Satellite","$1,015",2022-07-19 08:42,/ 400ft2 -,4255 W Viking Rd
156,It's a Beautiful Day @ Budget Suites,$359,2022-07-19 09:18,/ 1br - 480ft2 -,8440 S. Las Vegas near Wigwam/Windmill
157,"Covered Parking Available, Mountain Views, Package Locker Room","$1,510",2022-08-04 09:53,/ 1br - 801ft2 -,9350 S. Cimarron Road
158,It's a Beautiful Day @ Budget Suites,$359,2022-07-28 11:25,/ 1br - 500ft2 -,8440 S. Las Vegas Blvd near Wigwam/Windmill
159,"Build-In Microwave, Fireplace, Package Lockers","$1,850",2022-07-12 10:24,/ 2br - 1121ft2 -,325 North Gibson Road
160,Welcome to Budget Suites of America,$359,2022-07-19 08:21,/ 1br - 480ft2 -,8440 S. Las Vegas near Wigwam/Windmill
161,CONVENIENT LOCATION-AMERICANA APARTMENTS !,,2022-08-08 11:49,1br - 417ft2 -,335 E Harmon Ave. near Paradise and Harmon
162,1BED/1BATH APARTMENTS AVAILABLE FOR IMMEDIATE MOVE IN!!!,"$1,100",2022-08-08 11:24,/ 1br - 680ft2 -,
163,Welcome to Americana Apartments !,,2022-08-08 11:49,1br - 417ft2 -,335 E Harmon Ave near Paradise & Harmon
164,It's a Beautiful Day @ Budget Suites,$359,2022-07-31 08:43,/ 1br - 359ft2 -,8440 S. Las Vegas Blvd near Wigwam/Windmill
165,Minutes away from Strip -Americana Apartments !,,2022-08-08 11:48,1br - 417ft2 -,335 E Harmon Ave. near Paradise and Harmon
166,Budget Suites - Come Stay Awhile,$359,2022-07-27 14:51,/ 1br - 480ft2 -,8440 S. Las Vegas Blvd near Wigwam/Windmill
167,The living is easy ANYTIME & the deals are great NOW.,"$1,399",2022-08-08 11:48,/ 1br - 489ft2 -,
168,**3 bedroom 2 bath 2 car garage home,"$1,675",2022-08-08 11:48,/ 3br - 1350ft2 -,4037 Saguaro Lane LVNV 89110 near Lamb and Stewart
169,Imagine Your Life is Beautiful !,,2022-08-08 11:48,1br - 417ft2 -,335 E Harmon Ave near Paradise and Harmon
170,Come home to convenient living at The Harmon at 370,$975,2022-08-08 11:39,/ 1br - 450ft2 -,370 E Harmon Ave
171,Come Relax @ Budget Suites,$359,2022-07-19 09:49,/ 1br - 480ft2 -,8440 S. Las Vegas near Wigwam/Windmill
172,Welcome to Americana Apartments !,,2022-08-08 11:47,1br - 417ft2 -,335 E Harmon Ave near Paradise & Harmon
173,"3 BED , LUXURY APARTMENTS","$1,500",2022-07-18 15:16,/ 3br -,1061 e desert inn rd near Lv N V  89109
174,** 1 WEEK MOVE IN ** 1 BD 309 BASE RATE + TAXES AND FEES!!!,$468,2022-08-08 10:42,/ 1br - 350ft2 -,"4555 LAS VEGAS BLVD, N near CRAIG"
175,"Washer, Volleyball Court, Outdoor Lanai with Fireplace, Fitness Center","$1,691",2022-08-08 11:47,/ 1br - 840ft2 -,10695 Dean Martin Drive
176,Your New Home Awaits // PET FRIENDLY & GREAT DEALS,$964,2022-08-08 11:47,/ 440ft2 -,
177,2 BEDS DOWN *****N JONES AND 215*****,"$2,875",2022-08-08 11:47,/ 6br - 3368ft2 -,
178,Charming 4-bedroom home.,"$1,990",2022-08-08 11:34,/ 4br - 2151ft2 -,
179,Price Reduction! Fantastic Home For Sale In Las Vegas,,2022-08-08 11:35,4br - 3050ft2 -,
180,REDUCED 3 bed/2 bath- SENIOR PARK- Doublewide Mobile Home (Space #433),"$1,250",2022-07-25 11:47,/ 3br - 1000ft2 -,3601 E Wyoming Ave
181,"Laundry facilities, Easy freeway access, No long term lease required",$325,2022-08-06 11:23,/ 1br -,3625 Boulder Highway
182,GORGEOUS SUMMERLIN PROPERTIES,"$2,595",2022-07-27 09:59,/ 4br -,
183,SUMMERLIN HOME FULL OF UPGRADES,"$3,195",2022-07-15 10:26,/ 3br -,
184,****** N 215 AND DECATUR,"$444,000",2022-08-08 11:43,/ 3br - 1551ft2 -,
185,"Oversized closets, Polished kitchen countertops, Mountain views","$1,731",2022-08-08 11:43,/ 3br - 1197ft2 -,501 E Lake Mead Pkwy
186,Americana Apartments near Las Vegas strip !,,2022-08-08 11:43,1br - 417ft2 -,335 E Harmon Ave. near Paradise and Harmon
187,Room in Summerlin Home For Rent,$800,2022-08-08 11:41,,Sickle ln near Vegas & Durango
188,It‚Äôs time to invest in yourself by investing in your home!!,"$1,847",2022-07-15 13:48,/ 1br - 779ft2 -,7350 W Centennial Pkwy
189,"Package lockers, mountain views, covered parking","$1,860",2022-08-08 09:47,/ 2br - 1014ft2 -,9350 S. Cimarron Road
190,Near By the Famous Las Vegas Strip !,,2022-08-08 11:43,1br - 417ft2 -,335 E Harmon Ave. near Paradise and Harmon
191,"Full-Sized Washers and Dryers, Premium Flooring*, Amazon Hub Lockers","$1,660",2022-08-08 11:37,/ 1br - 793ft2 -,8350 West Desert Inn Road
192,Roommate Condo üè°For Rent Private Room safe clean utilities,$580,2022-08-08 11:42,,
193,******* SUMMERLIN PKWY AND BUFFALO,"$1,500",2022-07-18 13:31,/ 2br - 908ft2 -,
194,Single Story Home w/2 Car Garage in Gated Community. Open Floor Plan.,"$1,895",2022-08-02 15:26,/ 3br - 1700ft2 -,
195,"Move in Special!!!! 1/2 off 1st months rent, Make Hesperian Your Home!","$1,075",2022-08-08 11:42,/ 1br - 680ft2 -,
196,Very Nice 2 Story w/Huge Loft! Master is on 1st Floor. Gated Community,"$2,000",2022-08-02 12:47,/ 3br - 2142ft2 -,
197,"Freshly Painted 4 Bedrm, 2 Story Home in Green Valley. New Blinds.","$2,295",2022-07-29 16:20,/ 4br - 1878ft2 -,
198,RETAIL SPACE AVAILABLE FOR LEASE!  BORDER LINE SUMMERLIN!!,"$1,975",2022-08-08 11:45,/ 1140ft2 -,8221 W. Charleston Blvd near Cimarron Rd.
199,Classic & Renovated Apartments Ready for Immediate Move In,$875,2022-08-08 11:41,/ 375ft2 -,370 E Harmon Ave
200,"Brand New, Never Lived in! Beautifully Decorated & Furnished.","$4,000",2022-07-20 15:23,/ 3br - 1780ft2 -,
201,"Fully Renovated 4 Bedrm Home on Large Lot. New windows, Fresh Paint.","$2,975",2022-07-28 12:35,/ 4br - 1680ft2 -,
202,"Covered parking, EV charging stations, package lockers","$1,431",2022-08-08 09:48,/ 1br - 771ft2 -,9350 S. Cimarron Road
203,"Clothes Care Center, Non-Smoking, $500 off until Aug 15th!",$975,2022-07-24 15:36,/ 1br - 450ft2 -,370 E Harmon Ave
204,"Move in Special!!!! 1/2 off 1st months rent, Make Hesperian Your Home!","$1,075",2022-08-08 11:40,/ 1br - 680ft2 -,
205,Cozy up in your new home here at Calypso,"$1,525",2022-08-08 11:40,/ 2br - 1146ft2 -,6501 Vegas Dr.
206,"Move in Special!!!! 1/2 off 1st months rent, Make Hesperian Your Home!","$1,075",2022-08-08 11:39,/ 1br - 680ft2 -,
207,"Large Very Nice Room for Single Female, Available Now!!",$390,2022-08-08 10:38,,
208,2 Beds X 2 Baths | In-unit Washer + Dryer | 24HR Security,"$1,480",2022-08-08 11:38,/ 2br - 860ft2 -,
209,Private room and bath,$600,2022-08-08 11:38,/ 1br -,
210,The Vik Apartments-Pet Friendly,"$1,699",2022-08-04 09:01,/ 2br -,
211,Beautiful 2x2 come and apply today!!,"$1,599",2022-08-05 09:22,/ 2br -,
212,***WANTED HOUSES WITH NO EQUITY AND CANNOT SELL WITH AGENT *** (Las Ve,,2022-08-08 11:15,,
213,"First Floor, Cross Fitness Center, Accent Tile Backsplash","$1,490",2022-07-17 09:11,/ 1br - 814ft2 -,6500 Vegas Drive
214,OFFICE SPACE AVAILABLE AT $350-FULLY FURNISHED!,$300,2022-08-08 11:40,,2350 South Jones near Sahara ave
215,5x10 Air Cooled -Only 1 Left!,,2022-07-27 09:40,,6380 Annie Oakley Dr near Annie Oakley & Sunset
216,Bottom Floor Units Available! 50% off,,2022-07-19 12:13,,6380 Annie Oakley Dr near Sunset & Annie Oakley
217,The living is easy ANYTIME & the deals are great NOW.,$897,2022-08-08 11:34,/ 465ft2 -,
218,"Mountain views, covered parking, spacious 1 bedroom","$1,446",2022-08-08 09:39,/ 1br - 764ft2 -,9350 S. Cimarron Road
219,"Easy Freeway Access, Gated Community, Refinished Countertop","$1,964",2022-08-08 11:22,/ 3br - 1224ft2 -,1050 Whitney Ranch Drive
220,We Are Taking SCHEDULED Tours!,"$1,099",2022-08-08 11:33,/ 1br - 600ft2 -,5055 Jeffreys St
221,RESTAURANT BUILD OUT-PIZZA-HOOD+GREASE TRAP+EQUIPTMENT & FREE RENT!,"$2,975",2022-08-08 11:37,/ 1140ft2 -,8221 W. Charleston Blvd near Cimarron Rd.
222,Im renting out a room short term or more,,2022-07-31 18:33,,
223,I need to rent out a room short term,,2022-07-31 18:27,,
224,$1500 OFF Move In!!!! Call Today!!!! Renovated Units!!!!,"$1,576",2022-08-04 10:27,/ 2br - 973ft2 -,501 E Lake Mead Pkwy
225,"Renovated Spacious Unit, Stainless Steel, On-site Management, Pool/Spa","$1,360",2022-08-02 15:35,/ 2br - 900ft2 -,4020 S Arville St
226,"Sparkling swimming pool, No long term lease required, Wi-Fi Included",$432,2022-08-08 11:32,/ 390ft2 -,5011 East Craig Road
227,"Covered parking, package lockers, mountain views","$1,474",2022-08-08 09:47,/ 1br - 801ft2 -,9350 S. Cimarron Road
228,"Designer selected lighting fixtures, Walk-in closets, Short Term Lease","$1,445",2022-08-06 10:08,/ 2br - 1128ft2 -,3875 Cambridge St
229,Charming Gorgeous 2 bedroom 1 bathroom for Rent,$560,2022-08-03 09:31,/ 1br -,
230,$55 / 100ft2 - Chair RENTAL for PMU/Lash Artist in Las Vegas,$55,2022-08-08 11:30,/ 100ft2 -,7355 S Buffalo Dr Suite #20 near 89104
231,üìπ 24 HOUR SURVEILLANCE!üëÆ‚Äç‚ôÇÔ∏è 24 HOUR SECURITY,$450,2022-08-08 11:11,/ 1br - 384ft2 -,4625 BOULDER HWY near BOULDER HWY & INDIOS
232,"Wood-Style Flooring, Dishwasher, Pet Wash Station","$2,135",2022-08-02 10:24,/ 3br - 1390ft2 -,1005 Wigwam Pkwy
233,"*Rent-to-Own, No Banks or Credit Required!*","$469,900",2022-07-14 08:10,/ 3br - 1741ft2 -,1870 Racine Drive
234,2x2 Very Spacious,"$1,599",2022-08-05 09:28,/ 2br -,
235,Must see Anthem 1-story Luxury home w/CASITA & Tropical POOL Oasis,"$700,000",2022-07-22 08:59,/ 4br - 2333ft2 -,Bicentennial near Anthem Highlands Dr
236,"Full kitchen, Sparkling swimming pool, Bad Credit OK",$268,2022-07-30 13:18,/ 1br -,600 East Bonanza Road
237,"Siegel Rewards Program, No long term lease required, Bad Credit Ok",$268,2022-08-08 11:25,/ 1br -,600 East Bonanza Road
238,1 BEDROOM AVAILABLE ! CALL TODAY !,"$1,500",2022-08-08 11:25,/ 1br - 866ft2 -,
239,"Guard-gated 2,600 Sqft 1-story Luxury Home ***Sparkling POOL & SPA***","$3,650",2022-07-15 10:58,/ 3br - 2615ft2 -,Eastern Ave near Anthem Pkwy
240,"Wood-Style Flooring, Dishwasher, Pet Wash Station","$2,135",2022-08-02 10:24,/ 3br - 1390ft2 -,1005 Wigwam Pkwy
241,"*Rent-to-Own, No Banks or Credit Required!*","$469,900",2022-07-14 08:10,/ 3br - 1741ft2 -,1870 Racine Drive
242,2x2 Very Spacious,"$1,599",2022-08-05 09:28,/ 2br -,
243,Must see Anthem 1-story Luxury home w/CASITA & Tropical POOL Oasis,"$700,000",2022-07-22 08:59,/ 4br - 2333ft2 -,Bicentennial near Anthem Highlands Dr
244,"Full kitchen, Sparkling swimming pool, Bad Credit OK",$268,2022-07-30 13:18,/ 1br -,600 East Bonanza Road
245,"Siegel Rewards Program, No long term lease required, Bad Credit Ok",$268,2022-08-08 11:25,/ 1br -,600 East Bonanza Road
246,1 BEDROOM AVAILABLE ! CALL TODAY !,"$1,500",2022-08-08 11:25,/ 1br - 866ft2 -,
247,"Guard-gated 2,600 Sqft 1-story Luxury Home ***Sparkling POOL & SPA***","$3,650",2022-07-15 10:58,/ 3br - 2615ft2 -,Eastern Ave near Anthem Pkwy
248,"No Credit Checks, Close to Strip, Cable and WiFi Included",$343,2022-08-01 14:23,/ 1br -,455 East Twain Avenue
249,Beautiful 2-bed/2-bath Luxury Condo with All Wood & Tile flooring,"$1,850",2022-07-19 08:32,/ 2br - 1087ft2 -,Las Vegas Blvd near Serene
250,"Gated Community, WiFi Ready Home with Pre-Installed Modem","$1,548",2022-08-08 11:24,/ 1br - 748ft2 -,1827 West Gowan Road
251,Gorgeous SoHo style CUSTOM Luxury LOFT Penthouse on the South Strip,"$475,000",2022-07-18 20:28,/ 1br - 1370ft2 -,Las Vegas Blvd near Serene
252,‚ù§BOW WOW WOW! WE'RE PET FRIENDLY!,"$1,800",2022-08-08 11:24,/ 2br - 1105ft2 -,225 South Stephanie Street
253,"Fabulous 2,700+ Sqft 4-Bedroom House with Bonus Loft & Upgrades","$2,650",2022-07-30 08:20,/ 4br - 2730ft2 -,St.Rose Pkwy near Maryland Pkwy
254,üè†BECOME PART OF OUR NEIGHBORHOOD!! üê∂PETS WELCOME!üò∫,$450,2022-08-08 11:11,/ 1br - 384ft2 -,4625 BOULDER HWY near BOULDER HWY & INDIOS
255,IMPRESSIVE APARTMENT HOMES IN GREAT LOCATION!,"$1,500",2022-08-08 11:24,/ 1br - 866ft2 -,225 S. Stephanie Street near Horizon Ridge
256,üè†BECOME PART OF OUR NEIGHBORHOOD!! üê∂PETS WELCOME!üò∫,$450,2022-08-08 11:11,/ 1br - 384ft2 -,4625 BOULDER HWY near BOULDER HWY & INDIOS
257,The Vik Apartments-Pet Friendly,"$1,699",2022-08-04 09:25,/ 2br -,
258,Affordable Housing At It's Best 55 + Community,"$1,036",2022-08-08 11:17,/ 2br - 713ft2 -,845 Seven Hills Dr
259,"New Concept In Off Roading - 1.25 acres in Holbrook, AZ",,2022-08-04 12:00,,
260,"Beautiful 1,900+ Sqft 1-story House in Anthem w/Upgrades & Appliances","$524,999",2022-08-08 11:23,/ 3br - 1928ft2 -,Anthem Highlands Dr near Democracy
261,üè†BECOME PART OF OUR NEIGHBORHOOD!! üê∂PETS WELCOME!üò∫,$450,2022-08-08 11:09,/ 1br - 384ft2 -,4625 BOULDER HWY near BOULDER HWY & INDIOS
262,Large units right near down town main strip!! WIFI HBO !!!,$371,2022-08-08 11:22,,220 Convention Center Drive
263,1x1 - Available For You!,"$1,500",2022-08-08 11:22,/ 1br - 866ft2 -,225 South Stephanie Street
264,‚ù§5 STAR SCHOOLS - 24 HOUR MAINTENANCE - 24 HOUR GYM/POOL/RACQUETBALL,"$1,800",2022-08-08 11:22,/ 2br - 1150ft2 -,225 South Stephanie Street near Arroyo Grande
265,"Vaulted ceilings, Breakfast bar and built-in wine rack, Built-in desk","$1,435",2022-08-03 16:25,/ 2br - 1087ft2 -,6765 Tulip Falls Dr
266,"Ceiling Fans, Dishwasher, Bocce Ball Courts","$1,734",2022-07-17 12:05,/ 1br - 851ft2 -,5175 Jerry Tarkanian Way
267,Female Bed in Coed Sober Living House,$175,2022-08-08 11:22,/ 7br - 3236ft2 -,3614 Spencer St near Flamingo
268,RETAIL SPACE AVAILABLE FOR LEASE ON FLAMINGO AND DECATUR!,"$2,975",2022-08-08 11:25,/ 1200ft2 -,4850 W. Flamingo Rd. near Decatur Blvd.
269,Modern-living!! Plant yourself here at Fifty-Seven 95 Flamingo! üåø,"$1,650",2022-08-06 10:43,/ 2br - 1200ft2 -,5795 W Flamingo Rd #101 near Jones Blvd
270,Room for Rent!!!,$590,2022-08-08 10:49,,
271,Amazing Home,"$2,500",2022-08-08 11:04,/ 2br - 2410ft2 -,601 Summer Mesa Dr
272,Weekly Rentals Available Now,$443,2022-08-08 11:19,/ 1br -,3825 S Cambridge St. near Twain
273,*****No Social Security Number?******/*,,2022-08-08 11:07,,
274,"A Block from Las Vegas Strip, Controlled Access Gates, Hardwood Floors","$1,600",2022-08-06 11:06,/ 2br - 997ft2 -,3550 Paradise Road
275,"Spanish Speaking Staff /  Personal que habla espanol, Playground, Spa","$1,565",2022-07-30 15:32,/ 2br - 1075ft2 -,4521 East Bonanza Rd
276,üè†BECOME PART OF OUR NEIGHBORHOOD!! üê∂PETS WELCOME!üò∫,$450,2022-08-08 11:10,/ 1br - 384ft2 -,4625 BOULDER HWY near BOULDER HWY & INDIOS
277,"spacious 1 bedroom, mountain views, EV charging stations","$1,491",2022-08-08 09:47,/ 1br - 872ft2 -,9350 S. Cimarron Road
278,Welcome To Rancho Alvarado Apartments,$995,2022-08-08 09:45,/ 1br -,
279,Spacious 1 Bedroom 1 Bath! Apply Now!,"$1,210",2022-07-20 11:46,/ 1br - 680ft2 -,2900 El Camino Ave
280,AFFORDABLE LIVING!! $925 1 BEDROOM APARTMENT!,$925,2022-08-08 11:02,/ 1br - 525ft2 -,711 E Nelson Ave near Donna and Carey
281,"Coffee Caf√©, Gated Community, Playground","$1,654",2022-08-06 10:26,/ 1br - 836ft2 -,6355 S. Durango Dr
282,Come today and find your home!,"$1,599",2022-07-26 13:43,/ 2br - 1060ft2 -,
283,"Mountain Views, Free WiFi Access in Common Areas, EV Charging Station","$1,860",2022-08-08 09:32,/ 2br - 914ft2 -,9350 S. Cimarron Road
284,Make the move to Mojave Flats! $1000 Off move in!,"$1,509",2022-08-08 11:15,/ 1br - 688ft2 -,2666 S Decatur Blvd
285,MEZZO APARTMENTS *STUDIO*,$899,2022-08-08 11:15,/ 375ft2 -,3770 University Center Dr near Twain
286,SELL YOUR HOUSE OR APARTMENT BUILDING,,2022-08-08 11:15,,
287,2 BEDROOM APARTMENT! MOVE IN SPECIAL!,"$1,200",2022-08-08 11:02,/ 2br - 756ft2 -,711 E Nelson Ave near Donna and Carey
288,SELL YOUR HOUSE OR APARTMENT BUILDING,,2022-08-08 11:14,,
289,"1BD 1BA, Oversized walk-in closets, Situated in Henderson!","$1,418",2022-08-08 11:14,/ 1br - 702ft2 -,2001 Ramrod Ave
290,COZY 2 BEDROOM APARTMENT! MOVE IN SPECIAL!,"$1,200",2022-08-08 11:06,/ 2br - 756ft2 -,711 E Nelson Ave near Donna and Carey
291,3 Bedroom Apartment AVAILABLE NOW!!,"$1,350",2022-08-08 11:06,/ 3br - 798ft2 -,711 E Nelson Ave near Donna and Carey
292,"Full kitchen in apartment, Unfurnished apartments, Laundry facilities",$325,2022-08-08 11:13,/ 1br -,3625 Boulder Highway
293,Unbeatable Location!  Call Today,"$1,500",2022-08-08 11:13,/ 2br - 950ft2 -,2051 N Torrey Pines Dr near Lake Mead
294,0.31 acres with Great Community*,,2022-07-13 11:29,,
295,Renovated Apartments Ready for Immediate Move In,"$1,100",2022-08-08 11:12,/ 1br - 450ft2 -,370 E Harmon Ave
296,No Qual Summit,"$16,789,999",2022-08-08 11:12,/ 5br - 7500ft2 -,
297,Fabulous price!,"$1,019",2022-07-20 07:47,/ 2br - 721ft2 -,
298,Great Location!,"$1,510",2022-08-04 09:56,/ 1br - 801ft2 -,9350 S. Cimarron Road
299,"NO QUAL, GREEN VALLEY",,2022-08-08 11:11,,
300,room for rent,$650,2022-07-20 10:35,/ 1br -,
301,NO QUAL SOUTHERN HIGHLANDS GOLF CLUB,"$1,699,999",2022-08-08 11:10,,
302,Looking for a cool female roommate,$650,2022-07-29 14:41,,
303,Beautiful open kitchen,"$1,540",2022-08-06 10:01,/ 2br - 946ft2 -,2001 Ramrod Ave
304,Your Future Home Awaits YOU! Schedule a Tour! CALL US TODAY !!,"$1,275",2022-08-08 11:10,/ 2br - 1010ft2 -,939 E Flamingo Rd
305,"NO QUAL, GREEN VALLEY",,2022-08-08 11:10,,
306,Terrific Apartment!,"$1,019",2022-07-19 07:50,/ 2br - 721ft2 -,
307,STAY WHERE YOU ARE APPRECIATED !,$313,2022-08-03 08:33,/ 1br -,2000 Paradise Road
308,Move-in By Aug 31st for $500 Off ! Come Visit Our Renovated Units!,"$1,150",2022-08-08 11:09,/ 2br - 840ft2 -,4020 S Arville St
309,"Mountain views, spacious 2 bedroom, EV charging stations","$1,860",2022-08-08 09:32,/ 2br - 1014ft2 -,9350 S. Cimarron Road
310,"NO QUAL, GREEN VALLEY",,2022-08-08 11:09,,
311,"2 BEDROOMS NEWLY RENOVATED IN ""NEW"" NORTH LAS VEGAS!!","$1,135",2022-08-03 14:48,/ 2br - 880ft2 -,3301 Civic Center Dr Unit 3B near Cheyenne and Civic Center
312,"EV charging stations, mountain views, covered parking","$1,491",2022-08-08 09:33,/ 1br - 872ft2 -,9350 S. Cimarron Road
313,Convenient low rent location,"$1,019",2022-07-15 07:49,/ 2br - 721ft2 -,
314,"I have an extra bedroom for rent in southwest Las Vegas,",$800,2022-07-30 09:55,,
315,"Mountain views, EV charging stations, spacious 1 bedroom","$1,480",2022-08-08 09:23,/ 1br - 762ft2 -,9350 S. Cimarron Road
316,Summerlin house rents a room. Great area and excellent neighborhood.,$470,2022-07-30 09:55,,
317,******Lovley North Valley Home*******,,2022-08-08 11:06,3br - 1986ft2 -,
318,Under New Management Move in Specials,$875,2022-08-04 10:19,/ 375ft2 -,370 E Harmon Ave
319,The Epicenter of Luxury and Convenience!!!,"$1,847",2022-07-14 16:55,/ 1br - 779ft2 -,7350 W Centennial Pkwy
320,~*~*~*~*~*BEAUTIFUL RENOVATIONS - 1 BEDROOM FOR YOU ~*~*~*~*~*,$975,2022-07-26 12:52,/ 1br - 660ft2 -,3301 CIVIC CENTER DRIVE # 3-B near CHEYENNE BLVD.
321,"Waive $300 admin fee, must move in w/in 7 days","$1,683",2022-08-04 11:14,/ 2br - 1115ft2 -,6500 Vegas Drive
322,Welcome To Rancho Alvarado Apartments,$995,2022-08-08 09:42,/ 1br -,
323,"Mountain Views, Package Locker Room, Covered Parking Available","$1,895",2022-08-08 09:40,/ 2br - 1166ft2 -,9350 S. Cimarron Road
324,Welcome To Rancho Alvarado Apartments,$995,2022-08-08 10:00,/ 1br -,
325,Looking for a woman to share my room,,2022-08-08 10:50,,
326,"Bad Credit Ok, Rent by the week or month, Full kitchen in apartment",$454,2022-07-31 08:59,,5230 East Craig Road
327,1X1 Unit With Large Walk-In Closet!,"$1,016",2022-08-03 07:56,/ 1br -,4371 Sirius Ave. near Arville St.
328,2x2 Very Spacious,"$1,699",2022-08-05 09:18,/ 2br -,
329,"Elevators, Covered Assigned Parking, Vanity",$975,2022-07-18 15:18,/ 450ft2 -,3550 Paradise Road
330,SELL YOUR HOUSE OR APARTMENT BUILDING,,2022-08-08 10:42,,
331,PreLease 2x2 For 10/10! 2x2 Townhome w/1 car garage attached,"$1,969",2022-08-08 11:02,/ 2br - 1034ft2 -,
332,"Condo for sale. Asking $125,000","$125,000",2022-08-08 10:54,/ 2br -,
333,Wow Rent our 2x2Spacious! Washer and Dryer in the Unit,"$1,700",2022-07-09 16:25,/ 2br - 1060ft2 -,
334,"arge, furnished apartment, pretty neighborhood, private bed, bath",$500,2022-08-08 10:53,,
335,Stop today and tour a 2x2,"$1,650",2022-07-09 16:24,/ 2br - 1060ft2 -,
336,3 BEDROOMS NEWLY RENOVATED COMING SOON!!,"$1,265",2022-08-02 08:59,/ 3br - 1100ft2 -,3301 Civic Center Dr Unit 3B near Cheyenne and Civic Center
337,YOU WILL BE OVER THE MOON WHEN YOU SEE OUR NEW RENOVATED HOMES!!,$970,2022-08-02 08:57,/ 1br - 660ft2 -,3301 Civic Center Dr Unit 3B near Cheyenne and Civic Center
338,Your Home is here!!! :):),"$1,599",2022-08-03 10:44,/ 2br - 1060ft2 -,
339,"9-foot ceilings, Alarm system pre-wired, Basketball court","$1,446",2022-08-06 10:20,/ 1br - 717ft2 -,9155 West Desert Inn Road
340,DO NOT LOOK PAST THIS 2 BEDROOM APARTMENT!,"$1,150",2022-08-08 10:59,/ 2br - 830ft2 -,2816 Kim Lane near Las Vegas Blvd & Kim
341,CALL AND TOUR TODAY!!,"$1,150",2022-08-08 10:59,/ 2br - 830ft2 -,2816 Kim Lane near Las Vegas Blvd & Kim
342,NO LEASE! COME LIVE WITH US! BUDGET SUITES OF AMERICA,$339,2022-08-08 10:59,/ 1br -,3655 W. Tropicana near VALLEY VIEW
343,2x2 Very Spacious,"$1,699",2022-08-04 08:57,/ 2br -,
344,SUPER SPECIAL!! $500. OFF 1'ST MONTH'S RENT!! DON'T MISS OUT!!,"$1,750",2022-08-06 10:33,/ 2br - 1018ft2 -,9145 Echelon Point Drive
345,*/**2 Bedroom apartments are designed for ease and comfort!!!,"$1,200",2022-08-08 10:58,/ 2br -,2881 N Rancho Dr
346,"Washer/Dryer, Playground, Cable Ready","$1,860",2022-07-29 09:36,/ 3br - 1200ft2 -,5225 E. Charleston Blvd
347,Lovely 2 Bedroom...Waiting for you to make it your home,"$1,699",2022-08-04 09:34,/ 2br -,
348,UPGRADED 2 BED 2 BATH APARTMENT!! AVAILABLE NOW!!,"$1,250",2022-08-08 10:57,/ 2br - 830ft2 -,2816 Kim Lane near Las Vegas Blvd & Kim
349,UPGRADED 2 BED 2 BATH APARTMENT!!,"$1,250",2022-08-08 10:57,/ 2br - 830ft2 -,2816 Kim Lane near Las Vegas Blvd & Kim
350,Spacious 1 Bedroom 1 Bath with Washer/ Dryer!!!  Apply Today!!!,"$1,210",2022-08-08 10:57,/ 1br - 680ft2 -,2900 El Camino Ave
351,"1 Bed, Onsite playground, Las Vegas NV","$1,446",2022-08-08 10:56,/ 1br - 717ft2 -,9155 West Desert Inn Road
352,LQQK! OFFICE SPACE AVAILABLE 4 SUITES IMPROVED NEW CARPET!,"$1,589",2022-08-08 11:00,/ 1849ft2 -,"3670 Rancho Rd. Las Vegas, NV 89130 near Rancho/Gowan"
353,Welcome Home!! Spacious 2x2,"$1,599",2022-07-20 11:29,/ 2br - 1060ft2 -,
354,Why pay$1500for an apartment when you can live Multi-Million$ mansion!,"$1,499",2022-08-08 10:35,/ 6br - 5200ft2 -,
355,Welcome to Budget Suites of America,$359,2022-08-04 09:51,/ 1br - 500ft2 -,8440 S. Las Vegas blvd near Wigwam/Windmill
356,LARGE ROOM TO RENT,,2022-08-08 10:55,,
357,$600 Luxury Young Professional Homeshare - Bed/Bath Available (las veg,,2022-07-30 09:35,,
358,"STOP, LOOK & RESERVE 2x2","$1,599",2022-07-12 12:53,/ 2br - 1060ft2 -,
359,DO NOT LOOK PAST THIS 1 BEDROOM TOWNHOME!!,"$1,160",2022-08-08 10:54,/ 1br - 730ft2 -,2816 Kim Lane near Las Vegas Blvd & Kim
